Name,Birthday,Addresse,E-mail
"Jeffrey David",1994/11/04,"2738 Ray Road Suite 620","J.David94@gmail.com"
"Mrs. Karen Reyes",2004/01/10,"553 Richardson Brook Apt. 051","Mrs.KarenReyes@yahoo.com"
"Robert Mcdaniel",2008/04/17,"40478 Dennis Branch","R_Mcdaniel2008@gmail.com"
"Laura Miller",2010/07/20,"4851 Moore Turnpike Suite 096","LauraMiller@yahoo.com"
"John Jones",2006/10/17,"3416 Robert Union Suite 824","J-Jon@hotmail.com"
"Robert Ellis",2014/10/24,"90782 Jennifer Springs","REll14@gmail.com"
"Amber Baldwin",2002/07/10,"295 Veronica Village Suite 797","ABaldwin2002@gmail.com"
"Jodi Bray",1996/11/28,"78068 Mccoy Corner Suite 147","J_Bray96@gmail.com"
"Lisa Martinez",2012/11/06,"8630 Spencer Mountain","L.Mar@gmail.com"
"Amy Silva",1997/03/20,"8691 April Track","AmySilva@gmail.com"
"Marc Knox",2008/05/28,"34587 Michael Crossroad","M_Knox@hotmail.com"
"Benjamin Tyler",2005/02/18,"692 James Shoals","B-Tyl05@hotmail.com"
"Daniel Johnson",2001/06/21,"7501 Jeremy Hill","D_Joh2001@gmail.com"
"Cathy Wyatt",2010/03/30,"9179 Jose Common","Cathy-Wyatt@gmail.com"
"Laurie Dorsey",2009/02/12,"15589 Richardson Isle Apt. 211","L-Dorsey09@yahoo.com"
"Austin Austin",2007/05/10,"84561 Rivera Cape Suite 570","Austin_Austin07@yahoo.com"
"Lisa Mays",2009/04/26,"782 Knapp Harbors","LMays2009@hotmail.com"
"Nancy Jensen",2009/03/12,"4111 Martin Points","NancyJensen2009@gmail.com"
"Stephanie Glenn",2008/06/01,"967 Michael Burgs","SGle2008@gmail.com"
"Jack Black",2009/08/22,"4103 Hill Port Suite 751","Jack_Black@yahoo.com"
"Joe Williams",2002/10/23,"0007 Kelly Inlet Apt. 456","JWil02@hotmail.com"
"Joshua Silva",1999/03/31,"97176 Candace Loaf Suite 601","J-Silva1999@gmail.com"
"Michael Rosales",2011/11/13,"144 Pamela Station","M_Rosales@gmail.com"
"Julie Diaz",2015/03/05,"15756 Jennifer Circle","Julie-Diaz@yahoo.com"
"Samantha Wilson",2016/01/25,"12879 Kelly Roads Suite 731","S-Wil@gmail.com"
"Kathy Turner",2019/08/24,"699 Black Prairie","K-Tur19@yahoo.com"
"Alicia Thompson",2012/08/18,"1639 Leonard Ridge Apt. 482","ATho@yahoo.com"
"Nichole Young",2006/03/09,"4121 Katherine Turnpike Apt. 517","Nichole-Young@gmail.com"
"Cynthia Keller",2008/12/15,"7624 Schmidt Brooks Suite 615","C_Kel08@yahoo.com"
"Briana Jacobson",2022/07/11,"220 Julie Hills Apt. 176","BJac2022@gmail.com"
"Isaiah Carter",2018/12/19,"9016 Ryan Knoll Apt. 125","IsaiahCarter@gmail.com"
"Danielle Larsen",1995/11/26,"670 James Village","D-Larsen1995@yahoo.com"
"Heather Day",1996/06/24,"281 Schultz Bypass","H_Day1996@yahoo.com"
"Adrienne Sexton",2014/07/29,"2729 Collins Heights Apt. 613","Adrienne_Sexton@yahoo.com"
"Whitney Ramirez",2000/10/10,"31860 Mcgee Lodge","WhitneyRamirez@hotmail.com"
"Nicholas Mcclain",2005/04/02,"237 Morgan Mall Apt. 627","Nicholas-Mcclain05@yahoo.com"
"Andrew Spence",2008/10/05,"515 Oliver Fork Suite 366","ASpence@hotmail.com"
"Gregory Barr",2003/05/31,"6106 Lynch Rapids Apt. 234","GBar2003@gmail.com"
"Gregory Nguyen",2003/04/02,"70628 Henderson Route","GNgu2003@yahoo.com"
"Patricia King",2006/05/19,"53533 Emily Avenue Apt. 643","P_Kin2006@yahoo.com"
"Hayley Harris",2007/08/11,"7438 Barton Path Suite 708","Hayley_Harris2007@gmail.com"
"Tamara Dodson",1995/11/23,"3649 Laura Club Apt. 504","T-Dodson95@gmail.com"
"Yvonne Dawson",2014/05/23,"47716 Campos Crossroad","Yvonne_Dawson2014@hotmail.com"
"William Wiley",2018/05/09,"515 Donna Estates","William.Wiley2018@hotmail.com"
"Amy Miller",1997/12/24,"376 Mike Club Apt. 320","Amy_Miller97@hotmail.com"
"Shane George",2007/05/24,"7061 Teresa Lodge Apt. 656","S_Geo@gmail.com"
"Laura Moore",2010/08/07,"03164 Jeremy Drive Apt. 312","L.Moo2010@yahoo.com"
"Mario Smith",2021/07/27,"299 Deleon Ferry","MSmith@yahoo.com"
"Pamela Ward",2012/12/19,"9722 Linda Brooks Suite 975","P_Ward@yahoo.com"
"Lori Rodriguez",1997/12/20,"48227 Bridget Ridges","L-Rodriguez97@hotmail.com"
"Joshua Stuart",2014/10/03,"63450 Brandon Crest","Joshua.Stuart14@gmail.com"
"Blake Carter",2021/06/05,"713 Johnson Stravenue Apt. 922","BCarter21@hotmail.com"
"Gabriel Gonzales",2008/04/28,"364 Guerrero Mountains Apt. 974","Gabriel_Gonzales2008@hotmail.com"
"Samuel Boyd",2013/06/06,"2687 Arellano Orchard","SBoy2013@hotmail.com"
"Melissa Mcconnell",2021/09/03,"3229 Michele Walks","M-Mcconnell2021@hotmail.com"
"Michael Mason",1995/03/16,"490 Brady Well Apt. 197","M_Mas1995@hotmail.com"
"Jane Cox",1996/04/14,"52505 Brady Neck Apt. 938","J.Cox@gmail.com"
"William Little",2016/09/27,"7182 Wiggins Mount","WLit2016@yahoo.com"
"James Jones",2014/01/08,"933 Sean Creek Apt. 510","JamesJones2014@hotmail.com"
"Anthony Blackburn",1997/03/04,"359 Prince Walks Apt. 762","A.Bla1997@yahoo.com"
"Pamela Cross",2021/07/10,"513 Matthew Highway Suite 217","Pamela_Cross21@gmail.com"
"Hannah Johnston",2012/11/11,"00978 Brenda Flat Suite 707","HJohnston2012@gmail.com"
"Andrew Osborne",2020/10/11,"7122 Haney Heights","AOsborne@gmail.com"
"Lisa Browning",2012/07/06,"9795 Ariana Passage Apt. 339","LBro2012@hotmail.com"
"Julia Rodriguez",2024/03/01,"82326 Chen Brook Suite 444","J.Rodriguez24@yahoo.com"
"Gregory Hays",2007/07/30,"08423 Johnson Green","GregoryHays2007@gmail.com"
"Gloria Hansen",2013/04/06,"291 Crosby Passage Apt. 607","Gloria_Hansen@gmail.com"
"Linda Blackwell",2001/01/21,"09820 Larry Mountain Suite 489","L-Bla2001@hotmail.com"
"Curtis Thompson",2006/01/21,"648 Barker Crest","Curtis_Thompson2006@gmail.com"
"Michelle Jordan",2011/12/25,"48498 Natalie Cape Apt. 057","MichelleJordan2011@yahoo.com"
"Mitchell Kramer",1999/01/18,"83500 Davis Stravenue","Mitchell-Kramer@yahoo.com"
"Amanda Powell",2004/10/20,"60603 Nicole Underpass","APowell@gmail.com"
"Julia Burke",2002/01/14,"033 Joan Expressway Suite 806","JBurke02@gmail.com"
"Ann Padilla",2021/07/05,"88789 Perez Rapids","APadilla21@gmail.com"
"James Miller",2011/04/23,"54215 Joe Views Apt. 072","JMiller11@yahoo.com"
"Jonathan Santos",2019/09/15,"60346 Huerta Road","Jonathan_Santos2019@yahoo.com"
"Mitchell Aguilar",1996/07/05,"92069 Jennifer Vista","M.Agu@yahoo.com"
"Travis Mccormick",2009/04/17,"605 Jones Motorway","T-Mccormick09@yahoo.com"
"Brian Holt",2017/11/30,"9777 Sanchez Plaza","BHolt2017@gmail.com"
"David Pena",1997/06/29,"95892 Elaine Summit Apt. 439","DavidPena1997@gmail.com"
"Haley Berger",2013/10/08,"891 Stephen Port Apt. 541","H_Ber2013@gmail.com"
"Melissa Coleman",2006/05/05,"44073 Alexander Well Suite 582","M.Col06@yahoo.com"
"Gabrielle Simon",1996/02/09,"4127 Jennifer Heights Apt. 961","GSimon1996@gmail.com"
"Joseph Contreras",2000/03/17,"5056 Guerra Common","JCon00@hotmail.com"
"Kevin White",2010/08/22,"482 Tabitha Hills Apt. 451","KWhite@hotmail.com"
"Luis Bryant",2013/12/19,"4213 Lopez Skyway","Luis-Bryant13@gmail.com"
"Kimberly Wang",2011/05/25,"552 Kyle Overpass Suite 949","Kimberly_Wang11@gmail.com"
"Lawrence Anderson",2023/12/22,"341 Amber Pike Suite 530","LawrenceAnderson2023@gmail.com"
"Allison Gregory",2016/01/08,"617 Heather Ports Apt. 271","A-Gregory@hotmail.com"
"Mark Phillips",2000/06/24,"6055 Ashley Walks Suite 298","MPhi@gmail.com"
"Lindsay Howell",2003/07/28,"56232 Donald Fort","L_Howell2003@gmail.com"
"Rebecca Barajas",2012/01/11,"928 Marc Trafficway","Rebecca-Barajas@hotmail.com"
"Colleen Campbell",2020/02/12,"107 Connor Drives","Colleen-Campbell2020@yahoo.com"
"Andrew Kane",2015/06/29,"47326 Miller Motorway Apt. 183","A-Kane@gmail.com"
"Steven Morris",1998/08/16,"33975 James Squares Suite 918","S.Morris98@yahoo.com"
"Alyssa Olson",2009/08/17,"289 Williams Ramp Apt. 530","Alyssa_Olson2009@yahoo.com"
"Anna Wilson",2010/08/01,"12655 Steven Dale Suite 773","AnnaWilson10@gmail.com"
"Rebecca Smith",2018/10/11,"6125 Teresa Terrace","R-Smi18@hotmail.com"
"Lauren Moreno",1998/01/01,"0015 Jackson Spur Apt. 422","L-Mor1998@yahoo.com"
"Dr. Justin Kennedy",1995/02/20,"98158 Nathan Rapids","DJus@gmail.com"
"Maurice Bailey",2020/02/27,"2354 Lisa Freeway","M_Bai@hotmail.com"
"Edgar Thompson",2022/05/28,"33758 Boyle Manor Suite 810","Edgar.Thompson@hotmail.com"
"Ashley Russell",2011/11/12,"44823 Barton Corners Suite 030","A.Russell@yahoo.com"
"Jane Payne",2004/08/08,"06027 Perry Locks Suite 425","Jane-Payne04@yahoo.com"
"Austin Jackson",2012/07/21,"6516 Cook Pine Suite 338","AJackson12@gmail.com"
"Leslie Jones",2011/12/07,"318 Perry Points Suite 359","Leslie.Jones11@yahoo.com"
"Meghan Hernandez",2009/07/31,"7136 Marcus Hill Apt. 326","Meghan-Hernandez@gmail.com"
"Lauren Gill",2022/03/23,"630 Wolf Oval","L.Gill2022@hotmail.com"
"Heather King",2003/12/31,"8724 Fuller Vista Apt. 578","H_Kin03@gmail.com"
"Brian Herring",2002/10/07,"318 Flores Highway","Brian-Herring2002@gmail.com"
"Gregory Petty",2019/02/04,"285 Todd Crest Suite 397","GPet@gmail.com"
"Jerry Collins",2005/04/11,"6611 Deanna Mountain Suite 127","JerryCollins05@yahoo.com"
"Jennifer Daugherty",2017/10/04,"693 Susan Mission Apt. 969","J-Daugherty2017@gmail.com"
"Robin Patton",1994/04/18,"838 Rebecca Trail Apt. 416","Robin_Patton94@yahoo.com"
"Robert Sanchez",2021/05/23,"3363 Burns Road","R_Sanchez2021@yahoo.com"
"Christopher Willis",2020/11/19,"77418 Elizabeth Plains Apt. 114","C.Wil2020@yahoo.com"
"Tyler Evans",1998/10/21,"790 Eric Walk","Tyler-Evans@yahoo.com"
"Ann Lowery",2023/01/31,"947 Woods Island Apt. 836","ALowery23@yahoo.com"
"Stephanie Johnson MD",2009/01/24,"366 Horton Corners Suite 826","S.Johnson2009@hotmail.com"
"Tracy Smith",2007/09/24,"73965 Perez Pass Suite 431","TracySmith07@yahoo.com"
"Kimberly Castillo",1997/08/11,"33329 Weaver Lake","K.Cas1997@hotmail.com"
"Jennifer Maynard",1996/07/03,"868 Courtney Forge","JenniferMaynard96@gmail.com"
"Sarah Hubbard",1999/12/17,"457 Emily Isle Apt. 984","Sarah.Hubbard1999@hotmail.com"
"Chase Whitney",2014/02/10,"8666 Laura Heights Suite 268","Chase-Whitney@yahoo.com"
"Samantha Warner",2006/08/20,"695 Angela Heights Apt. 243","Samantha.Warner2006@yahoo.com"
"Christopher Grimes",2020/02/03,"6782 Rojas Alley Suite 151","Christopher_Grimes2020@gmail.com"
"Carlos Smith",2023/03/28,"605 Obrien Islands","Carlos_Smith23@gmail.com"
"Heather Wright",2003/03/11,"5716 Smith Flat","H_Wright03@yahoo.com"
"Gwendolyn Arnold",2016/12/08,"86369 Munoz Isle Apt. 215","G_Arnold2016@yahoo.com"
"Tonya Wagner",2006/12/31,"55297 Pamela Fields","T-Wagner@yahoo.com"
"Desiree Gomez MD",2006/02/26,"612 Matthew Stream","D_Gomez@gmail.com"
"Morgan Graham",2006/12/11,"97501 Buchanan Causeway Apt. 777","Morgan_Graham@hotmail.com"
"Nicholas Jackson",2022/11/14,"96344 Leonard Burgs Apt. 417","NicholasJackson2022@yahoo.com"
"Jim Stone",2005/04/17,"47987 Deborah Keys","J-Sto2005@hotmail.com"
"David Martinez",2018/04/02,"241 Daniel Lake Suite 406","D_Martinez@yahoo.com"
"Tammy Brooks",2012/03/29,"61983 Mendoza Rest Apt. 981","T-Brooks12@hotmail.com"
"Melanie Martin",2011/04/22,"411 Smith Mill","M.Martin2011@hotmail.com"
"Erin Johnson",2023/01/30,"678 Whitehead View Apt. 228","E-Joh23@hotmail.com"
"Jennifer Knight",2007/12/21,"6662 Jamie Inlet","J-Kni@gmail.com"
"Christine Moore",2010/01/26,"629 Walker Light Suite 901","C-Moo2010@yahoo.com"
"Jordan Klein",1998/04/01,"675 Debra Island","J-Kle98@yahoo.com"
"Michael Hayes",1996/07/13,"07270 Fry Mount Apt. 359","M_Hay96@yahoo.com"
"Adam Hall",2006/03/06,"696 Thomas Plain Apt. 188","Adam.Hall06@hotmail.com"
"Larry Miller",1996/08/30,"3919 Raven Junction Suite 286","Larry-Miller1996@gmail.com"
"Timothy Washington",1996/06/06,"27184 Holmes Turnpike","TWas@yahoo.com"
"Melissa Jones",2017/08/13,"5504 Hall Fork Apt. 905","Melissa.Jones@gmail.com"
"Robyn Zavala",1996/06/15,"106 James Dam","Robyn_Zavala@gmail.com"
"George Hodge",2003/07/03,"59511 Cameron Burg","G-Hodge2003@hotmail.com"
"Nicholas Moreno",2012/12/16,"2162 Martinez Land Suite 588","Nicholas_Moreno2012@gmail.com"
"Cindy Martinez",2005/11/30,"367 Juan Forge","C.Mar@hotmail.com"
"Destiny Carlson",1998/07/22,"7638 Johnson Lock","DestinyCarlson98@yahoo.com"
"Jennifer Parker MD",2001/08/16,"0958 Oconnell Crossing Suite 998","J-Par01@yahoo.com"
"Miss Angela Keith PhD",2022/03/25,"860 Shannon Pass","M_Ang22@hotmail.com"
"Jacqueline Perez",2022/01/05,"606 King Center","Jacqueline.Perez2022@gmail.com"
"Juan Santana",2022/12/16,"7290 Rebecca Station","JSan@yahoo.com"
"Jamie Hansen",2001/06/30,"35712 Martin Plains Suite 729","J_Hansen@gmail.com"
"Teresa Swanson",2019/01/06,"096 Rocha Manors Apt. 789","TSwanson2019@gmail.com"
"John Estrada",2005/11/23,"55543 Baker Meadows Suite 498","J_Estrada05@hotmail.com"
"Anna Case",2002/11/11,"07655 Lindsey Spring","A.Cas2002@yahoo.com"
"Amy Campos",2002/02/25,"6472 Cook Streets Apt. 483","ACampos02@hotmail.com"
"Jason Barnes",2006/03/12,"76538 Mcdaniel Villages Suite 151","Jason_Barnes2006@yahoo.com"
"Jacob Morris",2004/06/06,"43185 Williams Junction Suite 690","J_Mor2004@yahoo.com"
"James Jacobs",2012/10/17,"91071 Reed Locks","J-Jacobs2012@hotmail.com"
"Edward Campbell",2002/08/23,"040 Huang Corner","E_Cam2002@gmail.com"
"Wyatt Cooper",2024/02/16,"7571 Howard Square Suite 630","Wyatt.Cooper24@gmail.com"
"Thomas Morales",2012/09/27,"0219 Anderson Bypass","Thomas.Morales@gmail.com"
"Elizabeth Vaughn",2005/04/08,"241 Brittany Street","EVaughn05@gmail.com"
"Joe Gonzales",2013/02/14,"17189 Nguyen Forks Suite 827","J_Gonzales2013@hotmail.com"
"William Hansen",2010/06/23,"81054 Padilla Burg Suite 849","WilliamHansen@yahoo.com"
"Michael Carr",2015/09/08,"735 Villa Union Apt. 839","M_Car2015@gmail.com"
"Mark Stewart",1996/06/27,"66136 David Trail Suite 656","MStewart@hotmail.com"
"Randy Brown",2014/08/03,"2945 Chan Cliffs Suite 970","RandyBrown14@gmail.com"
"Kimberly Durham",2003/10/05,"291 Eric Plains","K_Dur03@yahoo.com"
"Tyler Johnson",2021/08/11,"8327 Jason Mountain Suite 979","T-Joh@yahoo.com"
"Amber Jarvis",1999/04/23,"1235 Laura Walks","A-Jarvis99@gmail.com"
"William Watson",2007/10/10,"2994 Warner Center Suite 198","W.Wat2007@yahoo.com"
"Lori Torres",1996/11/30,"3233 Amy Avenue Apt. 398","L.Torres@hotmail.com"
"Aaron Townsend",1996/11/29,"2985 Bonnie Island","Aaron_Townsend96@gmail.com"
"Barbara Garcia",2016/05/26,"743 Baird Shore Suite 543","B-Garcia@yahoo.com"
"Julie Davis",2021/02/23,"6527 Sydney Dale","JDavis@gmail.com"
"Michael Lee",2000/10/30,"237 Carolyn Glens Apt. 398","M_Lee@yahoo.com"
"Kelly Green",2002/09/23,"5765 Diaz Circle","K_Gre@gmail.com"
"Alyssa Knight",2017/05/27,"10201 Nancy Skyway Suite 361","AKni@gmail.com"
"Michele Bray",2009/07/07,"3484 Bowman Port Apt. 365","M_Bray@hotmail.com"
"Dr. Monica Roberts MD",1995/11/19,"308 Christina Mountain","D.Monica@yahoo.com"
"Carol Thompson",2022/06/15,"99991 Wayne Vista Suite 295","C.Thompson@gmail.com"
"Evelyn Jackson",1995/08/31,"27772 Savannah Dam","Evelyn-Jackson1995@yahoo.com"
"John Harris",2017/05/19,"8884 Simpson Shoals Suite 121","John-Harris@gmail.com"
"Jonathan Taylor MD",2008/03/13,"688 Kimberly Vista Suite 616","J.Taylor@hotmail.com"
"John Hess",2009/07/27,"30325 Mccarthy Way","J.Hess@yahoo.com"
"Kelly Mora",2007/04/16,"51569 Jensen Drive Apt. 806","Kelly-Mora07@yahoo.com"
"Danielle Flores",2022/05/22,"3805 Kim Manor","DanielleFlores@yahoo.com"
"Randy Marshall",2017/02/01,"04943 Jessica Turnpike","R_Marshall2017@hotmail.com"
"Adam White",2022/11/06,"71495 Patterson Coves Apt. 468","A_White22@gmail.com"
"Robert Lyons",2022/07/05,"2439 Roberts Points","RobertLyons2022@gmail.com"
"Todd Torres",2003/07/30,"8554 Christopher River","Todd.Torres2003@gmail.com"
"April Miller",2014/05/15,"91796 Pitts Trail","April.Miller2014@hotmail.com"
"Sarah Peterson",2013/05/24,"401 Thompson Island Suite 995","S_Pet13@gmail.com"
"Thomas Gordon",2016/07/07,"755 Chloe Inlet Suite 062","Thomas_Gordon2016@gmail.com"
"Steven Taylor",1996/10/11,"507 Alyssa Road Apt. 274","STay@hotmail.com"
"Keith Walker",1997/06/29,"2270 Kristin Coves Apt. 440","Keith.Walker@hotmail.com"
"Vanessa Clay",2009/01/12,"9162 Steven Parkways Apt. 728","VCla@gmail.com"
"Nancy Barnes",2024/03/10,"312 Heather Ville","NBarnes@hotmail.com"
"Rachael Murphy",2014/02/04,"15003 Jennifer Well","RMur2014@yahoo.com"
"Cynthia Moore",2013/03/29,"8548 Avila Ridge","C.Moo@gmail.com"
"Miss Joan Massey MD",2020/09/14,"53111 Michael Key Suite 765","MJoan@gmail.com"
"Jennifer Arnold",1999/03/05,"074 Garcia Fields Suite 863","J-Arn@gmail.com"
"David Thomas",2022/11/08,"0514 John Green","D_Thomas22@hotmail.com"
"Holly Washington",2018/01/08,"66520 Johnson Mountains Apt. 978","HollyWashington2018@gmail.com"
"Bradley Maxwell",2011/07/27,"6617 Marvin Knoll Apt. 163","BMax11@yahoo.com"
"Kelly Roman",2017/07/07,"28243 William Pine","Kelly-Roman17@yahoo.com"
"Catherine Vincent",2004/06/15,"899 Marks Course Suite 989","CatherineVincent2004@yahoo.com"
"Katherine Ortiz",1995/11/04,"2240 Jessica Ridges","K_Ortiz@hotmail.com"
"Melanie Joyce",2018/09/30,"18951 Knox Plaza","Melanie.Joyce@hotmail.com"
"Thomas Carter",2003/04/27,"93801 Matthew Skyway","T.Carter2003@yahoo.com"
"Ellen Ballard",2020/01/22,"256 Michael Alley Apt. 513","E.Ballard2020@gmail.com"
"Crystal Larson",2011/11/09,"55682 Parker Cliffs","CrystalLarson11@yahoo.com"
"Melissa Wright",1997/08/26,"5780 Lewis Shore","Melissa-Wright@gmail.com"
"Brianna Wright",2004/09/23,"184 Greene Rue","BWright2004@gmail.com"
"Jody Page",2003/01/25,"178 Trujillo Stream","JodyPage@yahoo.com"
"Elizabeth Carter",2020/12/10,"9627 Barnett Village","E.Carter2020@yahoo.com"
"Joseph Jones",2003/12/23,"451 Mary Rapid","JosephJones@hotmail.com"
"Heather Contreras",1996/04/18,"59522 Lewis Islands","HCon1996@hotmail.com"
"Rhonda Hill",2000/05/07,"60429 Johnson Unions","R.Hil2000@gmail.com"
"Jamie Guerra",2014/07/22,"39069 Paul Summit","Jamie-Guerra14@yahoo.com"
"Michael Anderson",2007/02/10,"5510 Price Village","MAnd07@hotmail.com"
"Shannon Smith",2011/03/13,"483 Barbara Drive Suite 072","Shannon-Smith2011@yahoo.com"
"Marvin Walton",2013/02/04,"507 Bobby Flats","M_Wal@hotmail.com"
"Jodi Perkins",1998/04/19,"641 Shelley Cliffs Apt. 759","J_Per@gmail.com"
"Brandi Adams",2005/03/29,"863 Christina River","B_Adams05@yahoo.com"
"Krystal White",1996/11/28,"28154 Brandt Stravenue","Krystal-White96@hotmail.com"
"Robert Johnson",2020/01/30,"95472 Patricia Rue","R_Joh@gmail.com"
"Robert Shepherd",2023/06/21,"7014 Amber Rest Apt. 054","R-She23@yahoo.com"
"Emily Friedman",1997/01/20,"820 Morgan Rue Suite 670","E.Fri@yahoo.com"
"Anthony Davis",2022/03/17,"76357 Roberts Plains Apt. 915","A-Dav2022@gmail.com"
"Robert Duncan",2003/06/15,"3596 Johnson Expressway","R_Duncan03@gmail.com"
"Lauren Mitchell",2006/04/27,"982 Annette Extensions Apt. 470","L-Mit2006@yahoo.com"
"Karla Carr",2012/09/04,"180 Carpenter Loop Suite 056","K.Carr2012@yahoo.com"
"Aaron Lawrence",2014/10/07,"59044 Amber Roads","AaronLawrence2014@hotmail.com"
"Daniel Burke",2010/11/16,"688 Scott Burgs","Daniel.Burke2010@yahoo.com"
"Kathy Hampton",2015/04/14,"848 Cherry Lodge","KHam2015@yahoo.com"
"Emily Munoz",2017/02/05,"8605 Lauren Extension","Emily-Munoz2017@gmail.com"
"Annette Dominguez",1998/04/24,"3109 Charles Mill","Annette-Dominguez98@hotmail.com"
"Shannon Torres",2019/03/12,"06238 Dennis Drives","Shannon_Torres2019@hotmail.com"
"Zachary Lawrence",1999/03/28,"683 Huff Dam Suite 319","Z.Lawrence@hotmail.com"
"Alicia Lowery",2006/10/02,"056 Howard Stream Suite 475","AliciaLowery@yahoo.com"
"Kevin Ford",2007/06/13,"03674 Natalie Mission","KevinFord2007@yahoo.com"
"Savannah Clark",2000/11/12,"7739 John Freeway Suite 413","S.Clark2000@gmail.com"
"Johnny Hurst",2006/05/31,"7521 Robert Mountains Suite 870","J.Hur@yahoo.com"
"Jacob Case",2008/05/17,"338 Hayes Island Suite 955","J.Case2008@hotmail.com"
"Kelly Conner",2011/03/31,"7706 Brett Track","K_Conner@hotmail.com"
"Martin Hamilton",2007/02/24,"1328 Jones Lodge","M-Ham2007@yahoo.com"
"Jonathon Smith",2023/12/13,"5597 Tammy Highway","J-Smith@yahoo.com"
"William Bennett",1996/06/08,"511 Tiffany Terrace","W.Ben1996@hotmail.com"
"Hailey Valdez",2001/06/18,"77144 Kelsey Mountains","H-Val01@yahoo.com"
"Anthony Mayer",2023/05/14,"29069 Patricia Spur Suite 706","A-May@yahoo.com"
"Austin Castaneda",2002/09/11,"0267 Bowen Points","A.Castaneda02@gmail.com"
"David Thomas",2020/11/30,"4574 Jessica Points","D_Thomas20@yahoo.com"
"Joan Robinson",2012/07/24,"951 Cody Fort Apt. 658","J-Robinson@hotmail.com"
"Amy White",2023/05/30,"274 Anna Pines Suite 169","A-White2023@yahoo.com"
"Angela Jones",2008/02/23,"22539 Tyler Hill Apt. 971","Angela-Jones@yahoo.com"
"Hailey Lamb",2017/03/03,"405 Christina Light Suite 325","HLamb@hotmail.com"
"Daniel Gregory",2013/09/01,"5316 Alvarez Ranch Apt. 397","D.Gre@gmail.com"
"Marcus Anderson",2007/12/21,"427 Samantha Walks Apt. 604","Marcus-Anderson2007@yahoo.com"
"Mr. Nathan Velazquez Jr.",2019/10/11,"710 Alyssa Inlet","M_Nathan@hotmail.com"
"Christopher Weaver",2011/10/06,"452 Howard Ranch","C-Wea@gmail.com"
"Anna Garner",2013/09/06,"2728 Brandon Motorway","Anna_Garner2013@hotmail.com"
"Timothy Walsh",2014/02/03,"09206 Reyes Underpass Suite 597","T.Wal2014@hotmail.com"
"Dawn Sanders",2000/08/25,"8542 Simmons Freeway Apt. 007","D-San@hotmail.com"
"Lori Reese",2011/12/13,"2626 Bailey Fords Suite 668","L-Reese11@hotmail.com"
"Stacy Mccoy",2003/08/08,"3762 Benjamin Haven","S.Mcc2003@yahoo.com"
"Allison Mcdaniel",1995/03/11,"08511 Devon Ranch","Allison-Mcdaniel95@yahoo.com"
"Stephen Martinez",2000/12/07,"55467 Henry Track Apt. 991","S.Mar00@gmail.com"
"Brian Vasquez",2007/02/18,"4754 Brennan Burg Suite 641","B.Vasquez@hotmail.com"
"Brian Guerra",2022/08/12,"694 Friedman Branch","B.Guerra@yahoo.com"
"Jason Mills",2002/02/16,"190 Jennifer Fort Apt. 081","J-Mil@gmail.com"
"Edwin Castillo",1999/12/17,"1935 Collins Harbors","ECas1999@yahoo.com"
"Rhonda Smith",2012/03/16,"623 Pennington Lakes","Rhonda.Smith12@gmail.com"
"David Rivera",2004/09/04,"684 Angela Point Apt. 431","D-Rivera@hotmail.com"
"Craig Reed",2023/07/07,"60331 Christopher Tunnel","C.Ree23@hotmail.com"
"Adrian Gardner",2007/02/09,"246 Scott Cape Suite 908","Adrian.Gardner07@yahoo.com"
"Erin Holt",2000/06/30,"0162 Mitchell Locks","Erin.Holt00@hotmail.com"
"Ian Diaz",2015/02/22,"11009 Fuentes Freeway","IDiaz2015@yahoo.com"
"Laura Mills",2004/05/30,"5978 Carlos Camp","LauraMills@gmail.com"
"Amber Turner",2022/03/03,"92473 Pearson Green Suite 195","A_Tur22@hotmail.com"
"Kevin Walker",2021/06/13,"33396 Cooper Manors Suite 036","K_Walker@hotmail.com"
"Christopher Johnson",2012/08/02,"30441 Sonia Branch","Christopher_Johnson@yahoo.com"
"Jessica Dalton",2002/09/22,"83969 Ana Keys Apt. 391","J_Dalton2002@yahoo.com"
"Kelly Mendez",2014/01/02,"650 Martinez Manors Suite 850","K-Men@gmail.com"
"Christopher White",2023/05/14,"330 Aguirre Rapids Apt. 425","Christopher.White@hotmail.com"
"Christina Hill",1994/12/30,"4575 James Crescent","C-Hill1994@hotmail.com"
"Jackson Bradley",1994/07/03,"48216 Jennifer Loaf","J_Bra@gmail.com"
"Joan Solomon",2019/09/25,"749 Wells Circle Suite 008","J.Sol19@hotmail.com"
"James Higgins",2014/07/22,"3457 Baker Common","JHig14@yahoo.com"
"Russell Brown",1995/08/25,"756 Smith Springs Suite 725","R-Brown@gmail.com"
"Alexander Johnson",2001/04/14,"23378 Taylor Walk Suite 005","Alexander.Johnson01@hotmail.com"
"Jodi Wilkinson",2012/12/16,"70966 Colton Glens Apt. 738","J-Wil@hotmail.com"
"Rachael Reyes",2019/01/22,"951 Hicks Mall","R-Reyes2019@yahoo.com"
"Karen Hood DDS",2018/08/03,"69993 Hill Mill Apt. 335","Karen.Hood.DDS2018@hotmail.com"
"Michael Boyd",1997/02/01,"488 Brown Cliffs","M_Boyd@gmail.com"
"Whitney Berry",2001/10/13,"607 Goodman Common","Whitney_Berry01@gmail.com"
"Nathan Anderson",1994/07/18,"95573 Melinda Village Apt. 544","N.Anderson@hotmail.com"
"Sandy Zimmerman",2008/01/02,"6440 Kevin Bypass","S.Zimmerman2008@yahoo.com"
"Matthew Austin",1997/05/27,"82585 Henry Mission Apt. 625","M_Austin1997@gmail.com"
"Vanessa Campbell",2022/04/27,"733 Brian Curve Suite 716","Vanessa-Campbell2022@hotmail.com"
"Austin Fields",1995/02/18,"53392 Anthony Loaf","Austin_Fields95@gmail.com"
"Jessica Salazar",2001/03/23,"85641 Mackenzie View","Jessica_Salazar2001@yahoo.com"
"Christopher Butler",1994/09/14,"6390 Stewart Corner Suite 883","C.Butler@hotmail.com"
"Eric Campbell",2024/01/18,"04289 Torres Circles Suite 476","EricCampbell24@hotmail.com"
"Jenna Rowland",2003/05/26,"3768 Jessica Land Suite 651","J-Row2003@yahoo.com"
"Matthew Perez",2022/05/16,"766 Micheal Station","M-Perez@yahoo.com"
"Angela Martinez",2002/03/28,"1445 Carpenter Garden","Angela-Martinez02@yahoo.com"
"Michael Page",2022/09/27,"49169 Anthony Route Suite 011","MPage@gmail.com"
"Shelby Lin",2014/03/15,"17512 Rodriguez Trail","S_Lin14@gmail.com"
"Brett Williams",2000/02/21,"4416 Steven Islands Suite 221","B.Williams@hotmail.com"
"Bryan Mendoza",2000/03/30,"08855 Victor Course","B_Men2000@hotmail.com"
"David Anderson",2024/02/01,"398 Amanda Summit","D-And24@gmail.com"
"Sarah Graham",2018/02/15,"19121 Cooper Point","Sarah.Graham2018@gmail.com"
"Maureen Scott",2007/03/09,"7101 Patricia Lodge","Maureen-Scott07@gmail.com"
"Christine Zavala MD",1995/02/23,"237 Anita Course Suite 599","C.Zavala@gmail.com"
"Ashley Braun",2016/07/11,"3977 Brown Harbors Suite 446","AshleyBraun@yahoo.com"
"Brian Curtis",2021/03/14,"54145 Jennifer Mill","B_Cur@gmail.com"
"Jonathan Miles",2010/08/16,"8681 Bates Fall Suite 127","J-Mil2010@yahoo.com"
"Francisco Ball",2009/05/07,"5410 Porter Motorway Apt. 298","FBall@yahoo.com"
"Donald Santos",1995/11/01,"9844 John Hills","D_Santos1995@gmail.com"
"Jason Clark",2012/08/19,"14261 Mary Villages","J.Cla2012@yahoo.com"
"Gregory Shaw",2014/09/02,"666 Brittany Shores Suite 620","Gregory.Shaw@gmail.com"
"Patrick Calhoun",2012/02/04,"38435 Barry Station Suite 577","P-Calhoun12@gmail.com"
"Lori Gonzales",2005/04/16,"74847 Skinner Spring Apt. 396","L_Gon05@gmail.com"
"Terry Campbell",2011/07/28,"91717 Brown Glens Apt. 551","T.Campbell@yahoo.com"
"Karen May",1997/11/22,"131 Cole Drive Suite 748","K.May1997@yahoo.com"
"Patrick Huynh",2010/02/21,"1124 Brian Viaduct","P_Huy@hotmail.com"
"Tara Hopkins",2002/11/22,"20415 Barber Camp Suite 656","THop2002@gmail.com"
"Dr. Kathy Flores",2005/11/06,"180 Lewis Trail","Dr._Kathy_Flores05@yahoo.com"
"Christopher Leonard",2022/08/01,"476 Joseph Trail Apt. 256","Christopher-Leonard22@hotmail.com"
"Christian Norton",2016/07/23,"172 Carla Land","CNorton16@gmail.com"
"William Parker",2001/06/01,"902 Mary Mill","WParker01@yahoo.com"
"Melissa Mason",2013/11/28,"90368 Amanda Loop Apt. 553","Melissa-Mason@yahoo.com"
"Rebecca Scott",2003/05/16,"444 Amber Springs","R-Scott@yahoo.com"
"Jasmine Morse",2017/08/13,"2677 Forbes Port Apt. 973","J.Morse17@gmail.com"
"Zachary Campbell",2004/03/09,"8264 Kenneth Lodge Apt. 559","Zachary-Campbell2004@yahoo.com"
"Whitney Hale",2012/02/25,"45065 Jason Cove Apt. 271","W-Hal@gmail.com"
"Christopher Saunders",2002/12/16,"503 York Centers Suite 912","C-Saunders@gmail.com"
"Jasmine Burnett",2012/08/14,"06270 Small Mews Suite 027","J.Bur@yahoo.com"
"Ralph Sanchez",2000/03/30,"36926 Daryl Passage Apt. 360","RSan2000@yahoo.com"
"Shannon Sanders",2005/05/07,"622 Jacob Motorway","S_San05@yahoo.com"
"Richard Tucker",2019/12/07,"0487 Robert Shores Suite 349","R-Tucker2019@yahoo.com"
"Robert Thompson",2016/10/01,"4614 Paul Falls","R_Thompson16@hotmail.com"
"Mary Travis",2002/09/04,"664 Daniel Via","MTravis02@hotmail.com"
"Sheryl Jones",2016/03/23,"16927 Smith Terrace Apt. 317","SJon@hotmail.com"
"Sean Walker PhD",2023/09/01,"53707 Melissa Tunnel Apt. 022","S_Walker2023@yahoo.com"
"Christopher Farrell",2013/04/27,"95166 Klein Throughway","Christopher.Farrell@hotmail.com"
"Charles Ward",2007/08/06,"71009 Miller Heights Suite 587","Charles-Ward@gmail.com"
"Andrew Koch",2019/04/13,"1823 Barbara Bridge Apt. 464","A-Koch19@hotmail.com"
"Casey Wagner",1995/01/07,"62342 Susan Spurs","CWagner95@gmail.com"
"Kelsey Adams",2000/05/05,"064 Santiago Shoal Suite 390","KelseyAdams2000@yahoo.com"
"Mary Bennett",2024/01/27,"893 Johnson Stravenue","M-Bennett24@gmail.com"
"Kylie Stanton",2022/01/21,"933 Stephen Ferry Apt. 874","K_Stanton@hotmail.com"
"Gary Lee",1995/08/01,"3468 Leslie Flat","GaryLee1995@hotmail.com"
"Michelle Hart",2024/02/15,"61723 Virginia Prairie Apt. 973","M-Hart@yahoo.com"
"Antonio Campbell",1997/07/14,"070 Gonzales Land","A.Cam@yahoo.com"
"Donald Campbell",2004/06/06,"12927 Patricia Creek Suite 380","D.Cam2004@gmail.com"
"Cynthia Escobar",2007/10/30,"75545 Brian Station","Cynthia-Escobar07@hotmail.com"
"Angela Mathis",2018/01/25,"5474 Ochoa Square","Angela.Mathis@hotmail.com"
"Mr. Aaron Fernandez MD",1995/10/20,"51139 Mendoza Key","Mr.AaronFernandezMD@hotmail.com"
"Tracy Calhoun",2004/01/02,"72335 Martin Place Suite 665","T.Cal@yahoo.com"
"Jeremy Church",2015/03/02,"07796 Christopher Loaf","J-Chu15@yahoo.com"
"Robin Wright",1999/03/15,"28503 Jackson Shoals","RWri@yahoo.com"
"Sheila Brown",2023/02/18,"1301 Nunez Flat","SBro23@yahoo.com"
"Nicole Pope",1999/06/15,"7619 Catherine Forks Apt. 791","Nicole_Pope1999@gmail.com"
"Samuel Fitzgerald",2016/01/14,"9929 Joyce Cape Apt. 483","SamuelFitzgerald16@hotmail.com"
"Xavier Levy",1996/10/30,"2094 Wright Cliffs Suite 358","X.Lev@hotmail.com"
"Mary Ramos",2011/05/06,"70409 Jones Mills","Mary_Ramos2011@yahoo.com"
"Julia Hall",2010/05/24,"3141 Johnny Crescent","J-Hal@gmail.com"
"Chelsea Turner",2023/05/27,"3779 Little Stream","C_Tur2023@gmail.com"
"Jose Christensen",2007/04/01,"148 Tiffany Mews","J.Christensen@hotmail.com"
"Michael Perry",2017/03/28,"07951 Kevin Prairie Apt. 918","M_Per@yahoo.com"
"Thomas Smith",1999/01/14,"061 Benjamin Walk Suite 294","T-Smith@hotmail.com"
"Michael Patterson",2002/09/05,"55723 Chase Tunnel","Michael_Patterson@gmail.com"
"Dr. Michael Williams",1994/06/19,"298 Kathleen Hollow Apt. 517","DMic1994@hotmail.com"
"Erin Welch",1997/02/13,"22498 Gill Villages","E.Welch1997@gmail.com"
"Michael Gonzalez",2005/01/21,"7643 Hunter Plaza","M_Gon2005@gmail.com"
"Kristen Melton",2016/02/23,"44868 Jeffrey Plains Apt. 970","K-Melton16@hotmail.com"
"Charles Wilson",2002/01/04,"4652 Daisy Forest Apt. 666","Charles_Wilson@hotmail.com"
"Paige Gallagher",2006/06/02,"4838 Ellis Roads","Paige-Gallagher06@hotmail.com"
"Gina Anthony",1996/10/16,"96741 Kylie Club","GAnthony1996@hotmail.com"
"Ellen Hall",2007/06/29,"894 Willis Spring","Ellen.Hall2007@gmail.com"
"Elizabeth Wilson",2022/10/06,"987 Reed Row Apt. 853","Elizabeth_Wilson2022@hotmail.com"
"Robin Jenkins",2022/03/18,"79999 Joshua Mountain Apt. 938","R-Jen22@yahoo.com"
"Martha Knight",1996/10/22,"11403 Wilson Point","Martha.Knight96@gmail.com"
"Susan Farrell",2019/11/19,"246 Mary Manors","SFarrell19@hotmail.com"
"Brittany Wolfe",2005/05/24,"2228 Adam Island Apt. 106","B.Wol05@gmail.com"
"Andrea Maynard",2000/01/07,"3376 Misty Groves","AMaynard@gmail.com"
"Brian Diaz",2021/09/25,"09467 Williams Avenue","BrianDiaz21@yahoo.com"
"Benjamin Gillespie",2019/04/16,"6957 Hammond Hills","B-Gillespie@gmail.com"
"Melissa Smith",2009/04/18,"22848 Dixon Harbors Suite 876","M_Smith09@yahoo.com"
"Julie Wang",2017/01/22,"8155 Zachary Burgs","JWan@hotmail.com"
"Paul Guzman",2009/07/26,"50116 Michael Corner Suite 176","P-Guzman@hotmail.com"
"Leonard Bruce",2008/10/03,"268 Tyler Lodge","LBru08@hotmail.com"
"Robert Robertson",1999/05/29,"216 Kim Rue Suite 790","RobertRobertson1999@hotmail.com"
"Thomas Swanson",2005/08/13,"7978 Stewart Forges","T-Swanson@yahoo.com"
"Laura Sandoval",2020/08/30,"18640 Johnson Port","L-San2020@hotmail.com"
"Tina Walker",1996/07/20,"726 Dorothy Neck","T_Walker1996@hotmail.com"
"Savannah Lewis",2017/04/09,"83362 Franco Rest Suite 686","S.Lew17@yahoo.com"
"Diana Watts",2019/08/17,"1034 Jeffrey Port Apt. 194","Diana.Watts@gmail.com"
"Samantha Nguyen",2000/03/13,"0966 Sharon Prairie","Samantha_Nguyen2000@yahoo.com"
"Patricia Owens",2013/06/05,"9666 Ayala Haven","P_Owens@gmail.com"
"Richard Romero",2018/09/16,"87571 Chris Inlet","R.Rom18@hotmail.com"
"Tracy Dyer",1998/12/16,"06926 Rodriguez Plaza Apt. 918","Tracy.Dyer1998@gmail.com"
"Cynthia Lewis",2011/04/22,"63693 Phillips Underpass","C_Lewis11@yahoo.com"
"Janet Smith",2013/12/22,"93287 Jones Common","Janet-Smith2013@hotmail.com"
"Kathleen Carter",2006/07/16,"47132 Angela Heights","K-Carter@gmail.com"
"Joseph Weiss",1994/08/10,"1587 Jeremiah Falls","JWeiss@hotmail.com"
"April Miranda",2004/04/22,"89506 Amanda Grove Suite 791","A.Mir@hotmail.com"
"Matthew Huynh",2001/09/30,"3271 Walker Port Apt. 487","MHuy01@hotmail.com"
"Mary Miller",2000/01/06,"1479 Brown Square","M_Miller2000@hotmail.com"
"Christopher Macdonald",2007/02/02,"94732 Jones Lights Apt. 620","ChristopherMacdonald2007@gmail.com"
"Melissa Garcia",2000/05/20,"92318 Donovan Union","MelissaGarcia2000@hotmail.com"
"Jamie Hansen",2019/01/30,"730 Juarez Dale","Jamie-Hansen2019@gmail.com"
"George Brown",2010/08/17,"014 Johnson Plaza Apt. 621","George.Brown@yahoo.com"
"Lee Richmond",2023/02/24,"633 Parker Drive Suite 880","L-Richmond@hotmail.com"
"James Nicholson",2020/03/29,"299 Lopez Land Apt. 230","JNicholson2020@gmail.com"
"Christine Holt",2022/03/08,"4622 Christina Points","CHolt@gmail.com"
"Patricia Owens",2007/05/06,"73147 Stokes Isle","Patricia_Owens2007@gmail.com"
"Nicholas Johnston",1995/09/17,"93382 Sarah Curve","Nicholas.Johnston95@yahoo.com"
"Amber Kim",2010/09/17,"5822 Carol Burg Suite 094","A.Kim2010@gmail.com"
"Mary Aguilar",1996/12/09,"38714 Cynthia Curve","MAguilar@gmail.com"
"Tina Martinez",2007/01/08,"10098 Erika Turnpike Suite 968","T-Martinez2007@yahoo.com"
"Rachel Nguyen",2008/03/29,"3110 Cooper Wall Apt. 502","R_Nguyen2008@hotmail.com"
"Dr. Richard Long MD",2018/10/20,"2280 Branch Drive","Dr._Richard_Long_MD18@hotmail.com"
"James Williams",2002/03/24,"35714 Thompson Keys Apt. 474","J_Wil@yahoo.com"
"Isaiah Paul",2023/03/23,"70713 Cathy Park Apt. 809","IsaiahPaul2023@yahoo.com"
"Jessica Stone",1999/04/09,"659 Kimberly Grove","Jessica.Stone@hotmail.com"
"Don Davis",2018/07/22,"8005 Thomas Fords Suite 269","DonDavis18@hotmail.com"
"Veronica Knox",2001/09/25,"2683 Diana Unions","VKno2001@yahoo.com"
"Laura Holt",2006/02/26,"9156 English Route Suite 142","L.Holt2006@hotmail.com"
"Tiffany Russell",2014/11/12,"8174 Amanda Ridges","T_Russell14@yahoo.com"
"Scott Murphy",2022/03/18,"6231 Erik Hills","S-Murphy@gmail.com"
"Tara Austin",2015/11/22,"9767 Rachel Branch Suite 188","T-Austin@gmail.com"
"Zachary Lawrence",2010/04/27,"4145 Maria Highway","Z-Law@yahoo.com"
"Danny Newman",1995/04/17,"2516 Williams Summit Apt. 619","D_Newman@hotmail.com"
"Cynthia Schwartz",2008/12/06,"408 Arnold Summit Suite 116","Cynthia-Schwartz2008@gmail.com"
"Dean Schwartz",2016/10/30,"19238 Murillo Viaduct","Dean_Schwartz2016@gmail.com"
"Thomas Herring",1996/12/14,"99229 Moreno Run","T.Her@gmail.com"
"Andrew Gonzalez",2008/05/27,"8901 Davenport Shoal Suite 241","Andrew-Gonzalez2008@hotmail.com"
"Jasmine Sanders",2003/12/13,"569 David Crescent Apt. 349","Jasmine.Sanders2003@gmail.com"
"Brian Brown",1999/03/04,"714 Holmes Flat Apt. 842","Brian_Brown@gmail.com"
"Dennis Ramirez",2009/12/23,"83903 Gamble Avenue","D-Ram09@gmail.com"
"Erin Lang",1996/12/27,"71040 Harvey Court","Erin.Lang@yahoo.com"
"Joanne Chase",2007/06/10,"035 Michael Shores","J-Cha@yahoo.com"
"Brian Townsend",2012/01/02,"72406 Stephen Stream Suite 502","B.Townsend12@hotmail.com"
"Brandon Cole",2000/08/13,"0924 Bell Fort","B.Col2000@yahoo.com"
"Keith Johnson",2007/11/08,"5082 Stephanie Street Suite 559","Keith-Johnson07@hotmail.com"
"Brenda Newman",2007/03/26,"8144 Taylor Courts","BNewman2007@gmail.com"
"Kendra Hunter",2008/08/25,"1891 Caldwell Ford","K.Hun2008@gmail.com"
"Brent Rasmussen",2000/03/18,"86578 Timothy Highway Suite 097","B.Ras2000@yahoo.com"
"Charles Oneill",1998/07/24,"960 Reed Key Apt. 482","Charles-Oneill1998@hotmail.com"
"Kendra Juarez",2020/07/13,"412 Scott Summit Apt. 473","K_Jua@hotmail.com"
"Nicole Edwards",2012/03/26,"5142 Anna Union Apt. 400","N_Edw2012@hotmail.com"
"Jessica Pacheco",2002/04/11,"54365 Bruce Crescent","JessicaPacheco@gmail.com"
"Jennifer Martin",2004/04/04,"11899 Sara Gardens","Jennifer.Martin2004@hotmail.com"
"Nicole Rodriguez",2001/11/17,"8822 Keith Islands","N.Rod2001@hotmail.com"
"Walter Lynch",1998/11/24,"258 Ricardo Burgs Apt. 511","WLyn@yahoo.com"
"James Morgan",2012/12/11,"751 Paul Mill Apt. 326","James_Morgan@yahoo.com"
"Mark Walker",2015/03/22,"79187 William Flat","Mark-Walker@hotmail.com"
"Maria Hill MD",2006/09/14,"3726 Deanna Mall Apt. 488","Maria.Hill.MD06@gmail.com"
"Krystal Malone",2004/10/13,"21054 Velazquez Loop Suite 149","KrystalMalone04@yahoo.com"
"Carlos Flores",1998/07/12,"252 Elizabeth Junction","C-Flo1998@hotmail.com"
"Kelly Franco",2019/11/28,"6277 Adam Turnpike Suite 117","K-Franco19@yahoo.com"
"Christopher Woods",1998/07/02,"70925 Mcbride Walk","ChristopherWoods1998@gmail.com"
"Logan Brown",2000/06/27,"278 Smith View","Logan-Brown@yahoo.com"
"Anita Green",2019/10/13,"883 Knapp Way","Anita_Green19@gmail.com"
"Yvonne Fuller",2004/07/12,"628 Nicholas Square Apt. 362","Yvonne.Fuller04@yahoo.com"
"Craig Cochran",2007/01/11,"86494 Tim Parkways","C-Coc@hotmail.com"
"Lindsay Peterson",2001/06/15,"0161 Meyer Well Suite 096","Lindsay.Peterson2001@hotmail.com"
"Randy Williams",2004/04/18,"415 Walter Prairie","R.Wil@gmail.com"
"Sharon Case",2003/06/27,"251 Hernandez Ford Apt. 045","Sharon_Case2003@gmail.com"
"Donna Nelson",1997/05/15,"8765 Travis Isle Suite 505","Donna_Nelson@yahoo.com"
"Bethany Patrick",2001/11/27,"1895 Matthew Trail","Bethany_Patrick@yahoo.com"
"Angela Cook",2018/08/03,"76267 Brown Drive Suite 667","ACook2018@gmail.com"
"Barbara Pennington",2007/07/19,"6389 Delgado Coves","Barbara-Pennington07@hotmail.com"
"Stephanie Thompson",2013/04/30,"60033 Glenn Haven Apt. 535","StephanieThompson2013@yahoo.com"
"Jennifer Marks",2006/02/14,"53467 Becker Course","J_Marks06@yahoo.com"
"Troy Harris",2004/04/07,"005 Smith Point","Troy.Harris04@hotmail.com"
"Kurt Cuevas",2008/10/06,"69054 Robles Pines Suite 139","K_Cue08@yahoo.com"
"Tony Chavez",2019/02/13,"0322 Jacqueline Port","Tony.Chavez@hotmail.com"
"Vincent Long",2019/06/17,"372 Avila Glen","Vincent.Long2019@gmail.com"
"Shelly Pace",2000/06/19,"90107 Kimberly Ferry Apt. 812","ShellyPace@yahoo.com"
"Rachel Barnes",2021/10/04,"183 Moore Stravenue Suite 692","RBarnes21@gmail.com"
"Joshua Mckinney",2022/05/10,"2002 Nancy Glens Suite 704","Joshua.Mckinney22@gmail.com"
"Shaun Bailey",2012/10/31,"6654 Breanna Causeway","S-Bailey2012@gmail.com"
"Jose Simmons",2017/05/14,"7248 Amy Center Apt. 575","J_Simmons17@hotmail.com"
"Benjamin Jones",2011/12/03,"0063 Grimes Rapids","Benjamin_Jones@hotmail.com"
"Leslie Phelps",2010/02/09,"6996 Allen Plains","L_Phe10@gmail.com"
"Bryan Drake",2011/05/16,"430 Darren Valleys Apt. 770","B.Dra@gmail.com"
"Mary Spears",2002/07/04,"22500 Wallace Green Apt. 481","M-Spears02@yahoo.com"
"Penny French",2022/05/07,"730 Mary Radial","P_Fre2022@hotmail.com"
"Jesse Maldonado",2019/11/12,"0926 Kristi Isle Suite 018","J_Mal19@gmail.com"
"Charles Williams",2018/01/07,"6444 Matthew Cliffs","CWilliams2018@hotmail.com"
"Stephanie Green",1994/07/08,"6482 Alexis Divide Apt. 257","S-Gre1994@yahoo.com"
